{
  "bluetoothle": [
    {
      "name": "TI BLE Sensor Tag",
      "buttonService": "0xffe0",
      "buttonCharacteristic": "0xffe1",
      "buttonMode": 10,
      "automaticallyAddButton": true
    },
    {
      "name": "Rachun-561",
      "buttonService": "0xffe0",
      "buttonCharacteristic": "0xffe1",
      "buttonMode": 12,
      "automaticallyAddButton": true
    },
    {
      "name": "GT-Keyfob1",
      "buttonService": "39E979B8-1935-11E2-99E9-F23C91AEC05E",
      "buttonCharacteristic": "01482D6C-1939-11E2-99E9-F23C91AEC05E",
      "buttonMode": 10,
      "automaticallyAddButton": true
    },
    {
      "name": "GT Smart Helmet",
      "buttonService": "0000ffe0-0000-1000-8000-00805f9b34fb",
      "buttonCharacteristic": "0000ffe1-0000-1000-8000-00805f9b34fb",
      "buttonMode": 10,
      "automaticallyAddButton": true
    },
    {
      "name": "GT Smart Button",
      "buttonService": "0000ffe0-0000-1000-8000-00805f9b34fb",
      "buttonCharacteristic": "0000ffe1-0000-1000-8000-00805f9b34fb",
      "buttonMode": 10,
      "automaticallyAddButton": true
    },
    {
      "name": "CODAClick",
      "buttonService": "89A8591D-BB19-485B-9F59-58492BC33E24",
      "buttonCharacteristic": "894C8042-E841-461C-A5C9-5A73D25DB08E",
      "buttonMode": 10,
      "automaticallyAddButton": true
    },
    {
      "name": "TAM Milicom PTT",
      "buttonService": "89A8591D-BB19-485B-9F59-58492BC33E24",
      "buttonCharacteristic": "894C8042-E841-461C-A5C9-5A73D25DB08E",
      "buttonMode": 10,
      "automaticallyAddButton": true
    },
    {
      "name": "Allcom Control",
      "buttonService": "0000ACE1-1212-EFDE-1523-785FEABCD123",
      "buttonCharacteristic": "0000BEEF-1212-EFDE-1523-785FEABCD123",
      "buttonMode": 10,
      "automaticallyAddButton": true
    },
    {
      "name": "Kensington Eureka C336",
      "buttonService": "0xffe0",
      "buttonCharacteristic": "0xffe1",
      "buttonMode": 12,
      "automaticallyAddButton": true
    },
    {
      "name": "Smart Key Finder",
      "buttonService": "0xffe0",
      "buttonCharacteristic": "0xffe1",
      "buttonMode": 10,
      "automaticallyAddButton": true
    },
    {
      "name": "My Keep",
      "buttonService": "0xffe0",
      "buttonCharacteristic": "0xffe1",
      "buttonMode": 12,
      "automaticallyAddButton": true
    },
    {
      "name": "PTT-Z100",
      "buttonService": "0xffe0",
      "buttonCharacteristic": "0xffe1",
      "buttonMode": 10,
      "automaticallyAddButton": true
    },
    {
      "name": "PTT-Z",
      "buttonService": "0xffe0",
      "buttonCharacteristic": "0xffe1",
      "buttonMode": 10,
      "automaticallyAddButton": true
    },
    {
      "name": "PTT-U",
      "buttonService": "0xffe0",
      "buttonCharacteristic": "0xffe1",
      "buttonMode": 10,
      "automaticallyAddButton": true
    },
    {
      "name": "Blu-PTT",
      "buttonService": "89A8591D-BB19-485B-9F59-58492BC33E24",
      "buttonCharacteristic": "894C8042-E841-461C-A5C9-5A73D25DB08E",
      "buttonMode": 10,
      "automaticallyAddButton": true
    },
    {
      "name": "AWIRE PTT",
      "buttonService": "0x180F",
      "buttonCharacteristic": "0x2A19",
      "buttonMode": 10,
      "automaticallyAddButton": true
    },
    {
      "name": "bb radio",
      "buttonService": "0xffe0",
      "buttonCharacteristic": "0xffe1",
      "buttonMode": 10,
      "automaticallyAddButton": true
    },
    {
      "name": "NeoV PTT",
      "buttonService": "0xffe0",
      "buttonCharacteristic": "0xffe1",
      "buttonMode": 10,
      "automaticallyAddButton": true
    },
    {
      "name": "MAXTON MBT700",
      "buttonService": "0xffe0",
      "buttonCharacteristic": "0xffe1",
      "buttonMode": 10,
      "automaticallyAddButton": true
    },
    {
      "name": "The Dash",
      "buttonService": "BB1A8665-0001-4332-8AB2-B59EB6C77B1E",
      "buttonCharacteristic": "BB1A8665-0002-4332-8AB2-B59EB6C77B1E",
      "buttonMode": 11,
      "automaticallyAddButton": true
    },
    {
      "name": "VXi Parrott Button",
      "buttonService": "95665A00-8704-11E5-960C-0002A5D5C51B",
      "buttonCharacteristic": "66339E60-D55A-11E5-B7CB-0002A5D5C51B",
      "buttonMode": 10,
      "automaticallyAddButton": true
    },
    {
      "name": "Milicom BLE PTT Button",
      "buttonService": "032889a0-5cc1-11e5-bfac-0002a5d5c51b",
      "buttonCharacteristic": "192707e0-5cc1-11e5-b199-0002a5d5c51b",
      "buttonMode": 10,
      "automaticallyAddButton": true
    },
    {
      "name": "Zello Button",
      "buttonService": "0xffe0",
      "buttonCharacteristic": "0xffe1",
      "buttonMode": 10,
      "automaticallyAddButton": true
    },
    {
      "name": "iFound",
      "buttonService": "0xffe0",
      "buttonCharacteristic": "0xffe1",
      "buttonMode": 11,
      "automaticallyAddButton": true
    },
    {
      "name": "iHere",
      "buttonService": "0xffa0",
      "buttonCharacteristic": "0xffa8",
      "buttonMode": 11,
      "automaticallyAddButton": true
    },
    {
      "name": "CODAWheel",
      "buttonService": "89A8591D-BB19-485B-9F59-58492BC33E24",
      "buttonCharacteristic": "894C8042-E841-461C-A5C9-5A73D25DB08E",
      "buttonMode": 10,
      "automaticallyAddButton": true
    },
    {
      "name": "Milicom PTT Button",
      "buttonService": "0xffff",
      "buttonCharacteristic": "0xfffe",
      "buttonMode": 10,
      "automaticallyAddButton": true
    },
    {
      "name": "APTT",
      "buttonService": "127FACE1-CB21-11E5-93D0-0002A5D5C51B",
      "buttonCharacteristic": "127FBEEF-CB21-11E5-93D0-0002A5D5C51B",
      "buttonMode": 10,
      "automaticallyAddButton": true
    },
    {
      "name": "ASB",
      "buttonService": "127FACE1-CB21-11E5-93D0-0002A5D5C51B",
      "buttonCharacteristic": "127FBEEF-CB21-11E5-93D0-0002A5D5C51B",
      "buttonMode": 10,
      "automaticallyAddButton": true
    },
    {
      "name": "PTT-M",
      "buttonService": "0xFFE0",
      "buttonCharacteristic": "0xFFE1",
      "buttonMode": 10,
      "automaticallyAddButton": true
    },
    {
      "name": "Vxi Canary",
      "buttonService": "95665A00-8704-11E5-960C-0002A5D5C51B",
      "buttonCharacteristic": "66339E60-D55A-11E5-B7CB-0002A5D5C51B",
      "buttonMode": 10,
      "automaticallyAddButton": true
    }
  ],
  "bluetoothRemoteControl": [
    {
      "name": "DellKing PTT Mic"
    }
  ]
}
